"Reference","Value","Footprint","Datasheet","Qty","DNP"
"BZ1","CMT-8504-100","Buzzer_Beeper:MagneticBuzzer_CUI_CMT-8504-100-SMT","https://www.cuidevices.com/product/resource/cmt-8504-100-smt-tr.pdf","1",""
"C1,C2,C11","4u7","Capacitor_SMD:C_0603_1608Metric_Pad1.08x0.95mm_HandSolder","~","3",""
"C3,C4,C5,C6,C7,C15","100n","Capacitor_SMD:C_0603_1608Metric_Pad1.08x0.95mm_HandSolder","~","6",""
"C8,C20","0.1u","Capacitor_SMD:C_0603_1608Metric_Pad1.08x0.95mm_HandSolder","~","2",""
"C9,C10","18p","Capacitor_SMD:C_0603_1608Metric_Pad1.08x0.95mm_HandSolder","~","2",""
"C12,C13,C14","1u","Capacitor_SMD:C_0603_1608Metric_Pad1.08x0.95mm_HandSolder","~","3",""
"C16,C17","10u","Capacitor_SMD:C_0603_1608Metric_Pad1.08x0.95mm_HandSolder","~","2",""
"C18","22u","Capacitor_SMD:C_0603_1608Metric_Pad1.08x0.95mm_HandSolder","~","1",""
"C19","0.1uF","Capacitor_SMD:C_0603_1608Metric_Pad1.08x0.95mm_HandSolder","~","1",""
"CR1,CR2","ESD2CAN36DBZRQ1","ESD2CAN36-Q1:SOT-23-3_DBZ_TEX","ESD2CAN36DBZRQ1","2",""
"D1,D10,D13,D16","28V","Diode_SMD:D_0603_1608Metric_Pad1.05x0.95mm_HandSolder","~","4",""
"D2","D","Diode_SMD:D_SOD-523","~","1",""
"D3","tx","LED_SMD:LED_0603_1608Metric_Pad1.05x0.95mm_HandSolder","~","1",""
"D4","rx","LED_SMD:LED_0603_1608Metric_Pad1.05x0.95mm_HandSolder","~","1",""
"D5","LED_ARBG","LED_SMD:LED_Lumex_SML-LX0404SIUPGUSB","~","1",""
"D6","SZNUP2105L","Package_TO_SOT_SMD:SOT-23","http://www.onsemi.com/pub_link/Collateral/NUP2105L-D.PDF","1",""
"D7,D9,D12,D15","LED","LED_SMD:LED_0603_1608Metric_Pad1.05x0.95mm_HandSolder","~","4",""
"D8,D11,D14","3V","Diode_SMD:D_SOD-323_HandSoldering","~","3",""
"F1","15A","Fuse:Fuse_1206_3216Metric","~","1",""
"F2","5A","Fuse:Fuse_1206_3216Metric","~","1",""
"F3","Fuse","Fuse:Fuse_1206_3216Metric","~","1",""
"F4,F5,F6","2.0 A","Fuse:Fuse_1812_4532Metric","~","3",""
"FB1","BLM18KG102SN1D","Inductor_SMD:L_0603_1608Metric_Pad1.05x0.95mm_HandSolder","~","1",""
"H1,H2,H3,H4","MountingHole_Pad","MountingHole:MountingHole_3.2mm_M3_Pad_Via","~","4",""
"J1","INPUT","Connector_JST:JST_VH_B2P-VH-FB-B_1x02_P3.96mm_Vertical","~","1",""
"J2","CAN input","Connector_JST:JST_XH_B2B-XH-AM_1x02_P2.50mm_Vertical","~","1",""
"J3","CAN out (optional)","Connector_JST:JST_XH_B2B-XH-AM_1x02_P2.50mm_Vertical","~","1",""
"J4","jst_sh 4","Connector_JST:JST_SH_SM06B-SRSS-TB_1x06-1MP_P1.00mm_Horizontal","~","1",""
"J5","Step Up Terminal","TerminalBlock_Phoenix:TerminalBlock_Phoenix_MKDS-1,5-3_1x03_P5.00mm_Horizontal","~","1",""
"J6","PWM","Connector_JST:JST_XH_B2B-XH-A_1x02_P2.50mm_Vertical","~","1",""
"J7","Motor Terminal","TerminalBlock_Phoenix:TerminalBlock_Phoenix_MKDS-1,5-2-5.08_1x02_P5.08mm_Horizontal","~","1",""
"J8","Hall sensor","Connector_Molex:Molex_Micro-Fit_3.0_43045-0612_2x03_P3.00mm_Vertical","~","1",""
"J9","12V Terminal","TerminalBlock_Phoenix:TerminalBlock_Phoenix_MKDS-1,5-2-5.08_1x02_P5.08mm_Horizontal","~","1",""
"J10","24V Terminal","TerminalBlock_Phoenix:TerminalBlock_Phoenix_MKDS-1,5-2-5.08_1x02_P5.08mm_Horizontal","~","1",""
"J11","12V/24V Terminal","TerminalBlock_Phoenix:TerminalBlock_Phoenix_MKDS-1,5-2-5.08_1x02_P5.08mm_Horizontal","~","1",""
"J12","Extra NF","Connector_PinHeader_2.54mm:PinHeader_1x05_P2.54mm_Vertical","~","1",""
"JP1","SolderJumper_2_Open","Jumper:SolderJumper-2_P1.3mm_Open_TrianglePad1.0x1.5mm","~","1",""
"L1","4.7uH","Inductor_SMD:L_0603_1608Metric_Pad1.05x0.95mm_HandSolder","~","1",""
"Q1","MMBT3904","Package_TO_SOT_SMD:SOT-23","https://www.onsemi.com/pub/Collateral/2N3903-D.PDF","1",""
"R1,R41","56","LED_SMD:LED_0603_1608Metric,Resistor_SMD:R_0603_1608Metric","~","2",""
"R2","470","Resistor_SMD:R_0603_1608Metric_Pad0.98x0.95mm_HandSolder","~","1",""
"R3,R6,R7,R8,R9,R11,R16,R17,R18","10k","Resistor_SMD:R_0603_1608Metric_Pad0.98x0.95mm_HandSolder","~","9",""
"R4,R5","~","Resistor_SMD:R_0603_1608Metric_Pad0.98x0.95mm_HandSolder","~","2",""
"R10","120","Resistor_SMD:R_0603_1608Metric_Pad0.98x0.95mm_HandSolder","~","1",""
"R12,R13,R14,R15","1M","Resistor_SMD:R_0603_1608Metric_Pad0.98x0.95mm_HandSolder","~","4",""
"R19,R20,R21,R26,R31,R36","15k","Resistor_SMD:R_0603_1608Metric_Pad0.98x0.95mm_HandSolder","~","6",""
"R22,R28,R33,R38","1k","Resistor_SMD:R_0603_1608Metric_Pad0.98x0.95mm_HandSolder","~","4",""
"R23","88.7k","Resistor_SMD:R_0603_1608Metric_Pad0.98x0.95mm_HandSolder","~","1",""
"R24","22.1k","Resistor_SMD:R_0603_1608Metric_Pad0.98x0.95mm_HandSolder","~","1",""
"R25,R27,R30,R32,R35,R37","47k","Resistor_SMD:R_0603_1608Metric_Pad0.98x0.95mm_HandSolder","~","6",""
"R29,R34,R39","100","Resistor_SMD:R_0603_1608Metric","~","3",""
"R40","22","Resistor_SMD:R_0603_1608Metric","~","1",""
"U1","TCAN334GDCN","Package_TO_SOT_SMD:TSOT-23-8","http://www.ti.com/lit/ds/symlink/tcan337.pdf","1",""
"U2","STM32U575CGTx","Package_QFP:LQFP-48_7x7mm_P0.5mm","https://www.st.com/resource/en/datasheet/stm32u575cg.pdf","1",""
"U3","AMS1117-3.3","Package_TO_SOT_SMD:SOT-223-3_TabPin2","http://www.advanced-monolithic.com/pdf/ds1117.pdf","1",""
"U4","LMR50410Y5FQDBVRQ1","","LMR50410Y5FQDBVRQ1","1",""
"U5","LMV324AIDR","LMV324AIDR:D14_TEX","LMV324AIDR","1",""
"U6,U7,U8","VN7050ASTR","VN7050ASTR:SOIC_050ASTR_STM","https://www.st.com/content/ccc/resource/technical/document/datasheet/50/3c/4d/5f/7a/6f/41/0c/DM00157092.pdf/files/DM00157092.pdf/jcr:content/translations/en.DM00157092.pdf","3",""
"Y1","48MHz","Crystal:Crystal_SMD_0603-4Pin_6.0x3.5mm_HandSoldering","~","1",""
